CustomerID,Gender,Age,Subscription_Type,Monthly_Bill,Total_Usage_Minutes,Customer_Service_Calls,Past_Due_Days,Churn_Status
CUST0001,Male,34,Prepaid,73068.67,103,4,5,No
CUST0002,Female,26,Postpaid,83542.17,699,5,15,No
CUST0003,Male,50,Prepaid,193598.43,614,3,23,Yes
CUST0004,Male,37,Postpaid,135956.21,93,4,26,Yes
CUST0005,Male,30,Postpaid,189909.61,864,0,2,No
CUST0006,Female,45,Prepaid,136274.5,102,4,9,No
CUST0007,Male,46,Postpaid,121903.17,635,1,10,No
CUST0008,Male,30,Postpaid,97059.15,607,4,10,No
CUST0009,Male,63,Prepaid,140955.64,574,5,16,Yes
CUST0010,Female,52,Postpaid,70879.7,726,3,3,No
CUST0011,Male,23,Prepaid,184739.24,151,1,3,No
CUST0012,Male,35,Prepaid,174399.86,841,5,16,Yes
CUST0013,Male,22,Postpaid,97629.72,819,5,8,No
CUST0014,Male,64,Postpaid,192919.63,898,5,18,No
CUST0015,Female,42,Postpaid,173780.12,917,0,4,No
CUST0016,Male,19,Postpaid,149946.03,447,5,21,Yes
CUST0017,Female,27,Postpaid,68264.29,187,0,23,No
CUST0018,Female,47,Postpaid,121735.1,724,5,5,Yes
CUST0019,Female,62,Postpaid,125916.13,970,2,2,No
CUST0020,Male,22,Prepaid,84882.7,436,1,21,No
CUST0021,Female,50,Postpaid,61994.81,160,2,0,No
CUST0022,Male,18,Prepaid,166508.54,663,5,19,Yes
CUST0023,Female,35,Postpaid,68305.26,66,1,21,No
CUST0024,Female,49,Postpaid,139143.61,829,1,15,No
CUST0025,Female,64,Prepaid,190467.38,231,3,22,Yes
CUST0026,Female,28,Postpaid,181415.78,933,2,10,No
CUST0027,Female,38,Postpaid,91662.89,585,3,12,No
CUST0028,Female,43,Prepaid,177717.3,590,1,26,Yes
CUST0029,Female,42,Postpaid,50049.88,220,0,9,No
CUST0030,Female,39,Postpaid,52653.17,458,1,2,No
CUST0031,Male,44,Postpaid,140382.97,789,3,8,No
CUST0032,Male,30,Prepaid,104719.73,427,2,27,No
CUST0033,Female,50,Postpaid,107969.13,237,5,11,Yes
CUST0034,Female,51,Postpaid,134666.16,907,5,22,Yes
CUST0035,Female,58,Postpaid,78767.37,279,2,13,No
CUST0036,Male,52,Postpaid,81763.3,882,5,0,No
CUST0037,Female,18,Prepaid,122690.24,901,5,17,Yes
CUST0038,Male,38,Prepaid,163138.03,168,3,16,Yes
CUST0039,Male,23,Postpaid,142924.66,205,2,26,Yes
CUST0040,Male,45,Postpaid,94603.26,833,4,8,No
CUST0041,Male,34,Prepaid,114550.58,736,0,8,No
CUST0042,Male,22,Prepaid,75599.71,514,0,22,No
CUST0043,Female,48,Postpaid,61194.47,153,5,9,Yes
CUST0044,Female,22,Prepaid,167404.41,653,0,18,No
CUST0045,Female,55,Postpaid,89808.11,747,2,28,Yes
CUST0046,Female,20,Prepaid,76664.96,844,2,14,No
CUST0047,Female,40,Prepaid,153742.71,551,1,4,Yes
CUST0048,Male,54,Prepaid,142707.75,742,1,14,No
CUST0049,Female,54,Prepaid,144978.44,731,0,19,No
CUST0050,Female,27,Postpaid,84334.19,748,4,22,Yes
CUST0051,Male,27,Prepaid,84896.83,224,1,29,Yes
CUST0052,Female,36,Prepaid,83120.39,783,1,24,No
CUST0053,Male,34,Postpaid,76062.89,794,2,27,Yes
CUST0054,Female,38,Prepaid,148358.55,723,4,1,No
CUST0055,Male,31,Prepaid,177202.38,470,5,12,No
CUST0056,Female,26,Postpaid,158647.62,183,0,23,No
CUST0057,Female,63,Prepaid,168814.05,440,1,15,No
CUST0058,Male,18,Postpaid,110719.76,785,4,14,Yes
CUST0059,Male,62,Postpaid,148111.37,550,4,24,Yes
CUST0060,Male,30,Postpaid,103135.44,714,0,9,No
CUST0061,Male,21,Postpaid,128825.69,82,4,13,Yes
CUST0062,Male,18,Prepaid,122245.23,104,4,9,Yes
CUST0063,Male,57,Postpaid,76533.07,568,4,24,Yes
CUST0064,Male,49,Prepaid,108061.81,805,1,13,Yes
CUST0065,Male,51,Prepaid,194573.34,874,0,25,No
CUST0066,Female,45,Prepaid,87287.04,687,4,29,Yes
CUST0067,Female,48,Prepaid,70070.56,61,4,22,Yes
CUST0068,Male,25,Prepaid,112787.09,577,1,8,Yes
CUST0069,Female,56,Prepaid,168550.66,769,0,24,No
CUST0070,Female,43,Prepaid,137322.23,604,2,13,No
CUST0071,Female,51,Prepaid,152146.22,422,1,2,No
CUST0072,Female,20,Prepaid,78454.23,533,0,19,No
CUST0073,Male,29,Prepaid,142842.23,696,4,15,Yes
CUST0074,Female,18,Postpaid,98525.06,277,0,1,No
CUST0075,Male,61,Postpaid,175145.5,672,0,9,No
CUST0076,Female,22,Postpaid,144394.82,356,5,2,Yes
CUST0077,Female,47,Prepaid,79828.44,506,0,10,No
CUST0078,Female,47,Postpaid,59692.5,209,2,10,No
CUST0079,Male,34,Postpaid,56394.98,380,0,20,No
CUST0080,Female,64,Postpaid,105711.29,825,2,20,Yes
CUST0081,Male,40,Prepaid,89877.67,274,4,21,No
CUST0082,Female,32,Prepaid,146913.52,778,2,12,No
CUST0083,Male,54,Prepaid,124900.08,553,4,6,No
CUST0084,Female,38,Prepaid,89902.89,505,4,22,Yes
CUST0085,Male,31,Postpaid,72385.67,94,2,16,No
CUST0086,Male,19,Postpaid,69079.96,263,1,29,Yes
CUST0087,Female,28,Postpaid,179699.06,108,3,1,No
CUST0088,Male,56,Postpaid,86521.7,693,0,11,No
CUST0089,Female,55,Prepaid,147756.6,665,5,24,Yes
CUST0090,Female,51,Prepaid,171602.89,244,3,9,No
CUST0091,Female,55,Prepaid,142112.2,974,0,17,No
CUST0092,Female,51,Postpaid,178934.78,538,0,21,No
CUST0093,Female,35,Prepaid,108859.06,206,4,26,Yes
CUST0094,Female,47,Prepaid,193433.33,659,0,10,No
CUST0095,Female,32,Postpaid,69971.75,275,5,15,Yes
CUST0096,Female,44,Postpaid,65322.43,461,0,16,No
CUST0097,Female,51,Prepaid,148803.82,254,2,18,Yes
CUST0098,Female,55,Prepaid,191424.67,128,3,17,Yes
CUST0099,Female,50,Prepaid,171332.52,173,2,2,Yes
CUST0100,Male,41,Prepaid,61462.53,520,5,20,Yes
CUST0101,Male,32,Prepaid,91905.16,989,0,26,No
CUST0102,Female,47,Prepaid,189547.83,267,5,25,Yes
CUST0103,Female,59,Postpaid,87958.76,565,4,15,Yes
CUST0104,Female,34,Postpaid,167175.56,651,2,5,No
CUST0105,Female,22,Postpaid,173769.83,153,2,24,Yes
CUST0106,Female,46,Prepaid,124317.82,442,1,11,No
CUST0107,Female,21,Postpaid,107952.34,680,0,10,Yes
CUST0108,Female,27,Prepaid,117518.66,694,4,14,No
CUST0109,Female,34,Prepaid,84044.7,873,2,14,No
CUST0110,Male,27,Postpaid,183408.64,657,2,15,No
CUST0111,Female,34,Prepaid,117592.95,483,4,9,No
CUST0112,Male,37,Prepaid,182368.92,380,5,11,Yes
CUST0113,Female,41,Postpaid,65854.02,192,5,27,Yes
CUST0114,Female,22,Postpaid,198241.29,849,0,12,No
CUST0115,Male,51,Postpaid,116490.96,589,1,3,No
CUST0116,Female,23,Prepaid,57174.62,327,2,6,No
CUST0117,Male,19,Postpaid,55703.28,282,1,21,No
CUST0118,Female,30,Postpaid,161931.09,578,5,1,No
CUST0119,Female,60,Prepaid,148855.33,620,5,25,Yes
CUST0120,Male,60,Postpaid,170319.58,139,3,26,No
CUST0121,Female,28,Postpaid,65805.13,541,0,26,No
CUST0122,Male,64,Postpaid,55335.63,248,3,26,Yes
CUST0123,Female,40,Prepaid,126286.89,411,3,14,No
CUST0124,Male,33,Prepaid,108139.28,490,3,7,Yes
CUST0125,Male,48,Prepaid,119292.04,75,0,6,No
CUST0126,Female,28,Prepaid,198738.26,74,0,14,No
CUST0127,Female,33,Postpaid,195612.49,443,4,22,Yes
CUST0128,Male,25,Prepaid,191347.31,556,1,13,No
CUST0129,Female,21,Prepaid,167576.4,350,1,7,No
CUST0130,Female,57,Postpaid,103226.2,388,4,27,Yes
CUST0131,Female,21,Postpaid,111819.64,316,4,11,Yes
CUST0132,Male,42,Postpaid,132442.41,510,5,12,Yes
CUST0133,Male,20,Prepaid,174580.17,742,3,29,Yes
CUST0134,Male,49,Prepaid,60306.92,505,4,10,No
CUST0135,Male,20,Prepaid,113644.53,409,2,16,No
CUST0136,Male,44,Postpaid,62392.65,117,1,28,Yes
CUST0137,Male,46,Postpaid,127198.64,912,4,16,Yes
CUST0138,Male,49,Prepaid,184835.12,461,2,23,Yes
CUST0139,Male,36,Postpaid,167372.74,540,2,3,No
CUST0140,Male,38,Postpaid,84176.36,882,2,20,No
CUST0141,Female,22,Postpaid,196398.63,98,5,7,No
CUST0142,Male,35,Prepaid,150102.56,736,5,4,Yes
CUST0143,Female,45,Postpaid,51564.15,613,2,25,No
CUST0144,Female,59,Postpaid,88312.02,151,5,15,Yes
CUST0145,Female,39,Prepaid,89106.99,265,3,3,No
CUST0146,Male,38,Prepaid,60388.15,487,2,27,No
CUST0147,Male,23,Postpaid,193973.98,749,3,21,Yes
CUST0148,Male,18,Postpaid,121738.29,618,3,28,Yes
CUST0149,Male,22,Prepaid,184372.19,608,2,14,No
CUST0150,Female,58,Prepaid,98332.33,208,1,11,No
CUST0151,Male,29,Postpaid,68785.04,538,2,4,No
CUST0152,Male,43,Postpaid,121150.42,735,2,29,Yes
CUST0153,Male,63,Postpaid,67093.5,291,5,22,Yes
CUST0154,Male,51,Postpaid,122902.33,843,2,15,No
CUST0155,Male,31,Prepaid,188044.58,802,1,13,No
CUST0156,Female,43,Postpaid,128115.22,931,5,9,No
CUST0157,Male,62,Postpaid,142474.96,54,0,6,No
CUST0158,Female,44,Prepaid,73495.77,645,0,12,No
CUST0159,Male,26,Postpaid,56560.34,869,3,19,Yes
CUST0160,Female,43,Prepaid,66621.19,410,3,27,Yes
CUST0161,Male,64,Postpaid,139779.74,508,1,28,Yes
CUST0162,Male,39,Postpaid,64251.75,297,4,4,No
CUST0163,Female,64,Prepaid,106398.93,615,0,28,No
CUST0164,Female,47,Prepaid,132513.79,722,3,2,No
CUST0165,Female,60,Postpaid,108297.92,995,0,14,No
CUST0166,Male,34,Postpaid,74552.57,471,1,3,No
CUST0167,Female,43,Postpaid,91068.7,972,1,14,No
CUST0168,Male,53,Prepaid,189247.63,787,4,13,Yes
CUST0169,Male,18,Postpaid,151397.34,64,4,19,No
CUST0170,Female,25,Prepaid,124407.18,785,5,18,Yes
CUST0171,Female,52,Prepaid,51907.23,622,1,12,No
CUST0172,Male,32,Postpaid,198862.31,171,3,9,Yes
CUST0173,Male,64,Prepaid,150718.24,326,0,20,No
CUST0174,Female,39,Postpaid,97538.37,607,2,4,No
CUST0175,Female,31,Postpaid,181890.3,502,4,26,Yes
CUST0176,Female,43,Postpaid,88764.74,439,2,22,Yes
CUST0177,Male,45,Postpaid,131602.49,343,3,19,No
CUST0178,Male,40,Postpaid,145410.61,623,4,28,Yes
CUST0179,Male,31,Prepaid,83159.51,647,2,19,Yes
CUST0180,Male,41,Prepaid,196759.59,495,3,24,No
CUST0181,Male,19,Postpaid,162228.79,259,0,5,No
CUST0182,Male,62,Postpaid,133671.98,639,3,3,No
CUST0183,Female,43,Prepaid,77089.19,763,5,1,No
CUST0184,Male,31,Prepaid,58078.73,351,4,21,Yes
CUST0185,Male,24,Prepaid,98008.97,958,1,15,No
CUST0186,Male,20,Prepaid,162978.1,272,0,17,No
CUST0187,Female,64,Postpaid,90399.69,783,2,4,No
CUST0188,Male,40,Postpaid,130933.43,52,4,21,Yes
CUST0189,Male,63,Prepaid,159192.08,567,1,3,No
CUST0190,Female,60,Postpaid,66191.56,142,3,29,Yes
CUST0191,Male,64,Prepaid,152794.7,569,1,12,No
CUST0192,Male,62,Postpaid,63780.63,477,4,18,Yes
CUST0193,Male,35,Prepaid,194769.46,542,4,22,No
CUST0194,Male,55,Postpaid,123259.12,284,5,1,No
CUST0195,Male,52,Prepaid,72601.42,669,5,12,Yes
CUST0196,Female,32,Prepaid,101357.55,210,1,10,No
CUST0197,Female,42,Postpaid,112012.47,770,3,29,Yes
CUST0198,Female,54,Prepaid,163727.75,801,1,21,No
CUST0199,Male,45,Postpaid,161513.57,380,4,28,Yes
CUST0200,Male,27,Postpaid,141791.08,382,4,3,No
CUST0201,Male,56,Prepaid,65889.61,99,2,21,No
CUST0202,Female,34,Postpaid,72735.41,572,5,19,Yes
CUST0203,Male,56,Postpaid,64063.54,912,2,19,No
CUST0204,Male,39,Postpaid,136575.92,717,0,14,No
CUST0205,Female,43,Postpaid,181570.77,541,4,3,No
CUST0206,Male,61,Postpaid,115070.08,631,2,8,No
CUST0207,Female,42,Prepaid,74127.23,730,1,6,No
CUST0208,Female,34,Postpaid,133706.35,321,5,18,Yes
CUST0209,Female,30,Postpaid,171762.83,629,5,18,No
CUST0210,Male,37,Postpaid,161256.81,916,3,5,No
CUST0211,Male,42,Postpaid,182217.62,301,1,5,Yes
CUST0212,Male,21,Postpaid,91685.31,609,3,19,No
CUST0213,Male,27,Prepaid,79093.08,745,2,14,No
CUST0214,Male,20,Postpaid,181972.47,881,0,14,No
CUST0215,Male,58,Prepaid,148634.05,748,1,24,Yes
CUST0216,Male,62,Prepaid,96639.34,139,1,19,No
CUST0217,Female,35,Prepaid,161352.21,495,1,8,No
CUST0218,Male,64,Prepaid,172267.76,381,3,3,No
CUST0219,Female,53,Postpaid,142246.74,188,2,17,Yes
CUST0220,Male,64,Prepaid,153182.62,406,1,17,No
CUST0221,Male,39,Prepaid,106288.99,650,1,4,No
CUST0222,Male,51,Postpaid,130804.35,323,5,19,Yes
CUST0223,Female,64,Postpaid,128623.88,68,0,22,No
CUST0224,Female,25,Postpaid,177207.17,360,5,29,Yes
CUST0225,Female,57,Prepaid,175994.6,919,5,10,No
CUST0226,Female,61,Postpaid,174902.07,935,0,4,No
CUST0227,Male,36,Postpaid,51654.74,203,2,21,Yes
CUST0228,Female,59,Prepaid,162431.82,439,5,25,Yes
CUST0229,Male,58,Postpaid,163801.46,309,2,3,No
CUST0230,Male,54,Postpaid,151756.82,669,5,28,Yes
CUST0231,Female,23,Postpaid,163439.7,932,4,11,Yes
CUST0232,Female,43,Postpaid,176295.56,846,0,1,No
CUST0233,Female,51,Prepaid,120547.86,620,5,12,No
CUST0234,Female,62,Postpaid,125307.53,174,4,9,Yes
CUST0235,Female,23,Postpaid,68707.11,403,3,8,No
CUST0236,Female,54,Prepaid,107806.38,322,4,9,No
CUST0237,Female,50,Postpaid,146504.78,668,1,6,Yes
CUST0238,Female,39,Prepaid,167059.97,860,5,3,No
CUST0239,Male,38,Postpaid,82581.36,294,4,18,Yes
CUST0240,Female,23,Prepaid,70673.43,897,2,9,No
CUST0241,Female,23,Prepaid,149456.3,499,3,29,Yes
CUST0242,Male,21,Prepaid,50281.98,979,5,2,No
CUST0243,Female,47,Prepaid,76755.89,296,1,24,No
CUST0244,Male,28,Postpaid,54360.71,569,4,20,Yes
CUST0245,Male,47,Prepaid,75032.77,190,3,28,Yes
CUST0246,Female,48,Postpaid,77197.89,411,5,18,Yes
CUST0247,Male,41,Prepaid,108151.04,57,3,20,Yes
CUST0248,Male,26,Prepaid,110349.07,527,1,1,Yes
CUST0249,Male,20,Prepaid,181139.37,401,4,26,Yes
CUST0250,Male,48,Postpaid,126516.46,544,3,19,No
CUST0251,Female,57,Prepaid,158510.71,655,3,9,No
CUST0252,Male,54,Postpaid,65620.6,882,0,1,No
CUST0253,Female,53,Postpaid,83815.81,476,3,1,No
CUST0254,Male,41,Postpaid,155441.52,88,0,27,Yes
CUST0255,Male,48,Postpaid,57920.59,642,4,23,Yes
CUST0256,Male,23,Postpaid,122989.65,236,5,16,No
CUST0257,Male,19,Postpaid,139905.34,645,5,15,Yes
CUST0258,Female,37,Postpaid,140321.85,649,4,15,Yes
CUST0259,Female,45,Postpaid,53439.92,803,4,13,Yes
CUST0260,Male,28,Postpaid,98316.2,903,2,6,No
CUST0261,Male,21,Prepaid,145473.6,142,4,20,Yes
CUST0262,Female,32,Prepaid,72349.96,135,3,10,Yes
CUST0263,Male,23,Prepaid,154312.35,93,5,23,Yes
CUST0264,Male,47,Prepaid,161888.78,186,1,0,No
CUST0265,Male,55,Prepaid,197295.38,470,5,10,Yes
CUST0266,Female,19,Postpaid,81476.3,123,0,22,No
CUST0267,Female,32,Postpaid,173769.6,597,5,20,Yes
CUST0268,Female,28,Postpaid,128044.49,662,2,3,No
CUST0269,Male,25,Postpaid,106019.39,561,4,6,No
CUST0270,Male,43,Postpaid,68356.51,205,4,25,Yes
CUST0271,Female,62,Postpaid,160325.84,987,5,14,Yes
CUST0272,Female,61,Postpaid,85378.64,304,1,17,No
CUST0273,Female,22,Prepaid,105713.3,220,1,11,No
CUST0274,Female,23,Prepaid,59381.33,777,2,16,No
CUST0275,Male,43,Prepaid,170205.04,219,0,0,No
CUST0276,Female,21,Prepaid,164988.28,813,5,10,Yes
CUST0277,Male,36,Postpaid,160042.37,921,4,27,Yes
CUST0278,Female,37,Postpaid,94916.53,371,5,0,No
CUST0279,Male,50,Postpaid,76022.01,616,2,14,No
CUST0280,Female,37,Prepaid,145632.99,505,3,27,No
CUST0281,Female,29,Postpaid,124424.96,993,3,20,Yes
CUST0282,Female,64,Postpaid,76737.87,652,2,9,Yes
CUST0283,Female,18,Postpaid,152886.69,839,4,6,No
CUST0284,Male,43,Prepaid,198668.96,662,2,1,No
CUST0285,Female,31,Postpaid,162082.94,204,4,9,Yes
CUST0286,Male,55,Prepaid,160997.96,938,1,23,Yes
CUST0287,Male,54,Prepaid,192546.91,398,2,3,No
CUST0288,Male,28,Prepaid,80440.46,500,4,11,No
CUST0289,Male,53,Prepaid,134832.49,925,2,18,No
CUST0290,Female,30,Postpaid,196947.01,702,2,25,Yes
CUST0291,Male,60,Prepaid,74794.12,222,4,10,Yes
CUST0292,Male,20,Prepaid,155037.79,59,4,7,Yes
CUST0293,Male,50,Postpaid,137871.52,789,0,17,No
CUST0294,Female,23,Postpaid,137971.86,314,2,10,No
CUST0295,Female,27,Prepaid,154650.59,487,3,10,No
CUST0296,Female,22,Postpaid,189442.54,809,2,12,No
CUST0297,Female,40,Prepaid,167387.29,296,2,2,No
CUST0298,Male,27,Prepaid,58420.42,716,4,11,Yes
CUST0299,Male,61,Prepaid,177909.2,595,2,2,No
CUST0300,Female,19,Prepaid,83831.2,548,5,9,Yes
CUST0301,Male,30,Postpaid,106537.12,178,2,26,No
CUST0302,Male,57,Prepaid,119259.92,721,5,16,Yes
CUST0303,Male,19,Postpaid,122135.9,650,3,21,Yes
CUST0304,Female,37,Postpaid,115277.06,654,4,1,No
CUST0305,Female,18,Postpaid,190602.99,376,2,16,No
CUST0306,Male,54,Postpaid,155902.85,802,5,15,Yes
CUST0307,Female,26,Prepaid,144675.6,884,5,1,No
CUST0308,Female,34,Postpaid,57476.3,453,5,27,Yes
CUST0309,Female,26,Prepaid,185587.0,678,1,21,No
CUST0310,Female,28,Postpaid,186408.53,655,0,29,No
CUST0311,Female,32,Postpaid,167031.96,724,3,19,Yes
CUST0312,Male,41,Prepaid,51054.38,660,2,5,No
CUST0313,Female,55,Prepaid,58592.04,674,1,27,No
CUST0314,Male,52,Prepaid,83783.56,408,2,24,Yes
CUST0315,Male,47,Postpaid,69702.41,652,2,28,No
CUST0316,Female,48,Postpaid,109825.4,907,4,9,No
CUST0317,Male,22,Prepaid,188393.46,767,4,27,Yes
CUST0318,Male,61,Prepaid,120809.07,66,4,9,No
CUST0319,Male,31,Prepaid,52010.39,323,1,7,No
CUST0320,Female,28,Prepaid,92411.85,734,2,0,No
CUST0321,Female,26,Postpaid,56689.24,165,0,12,No
CUST0322,Male,51,Prepaid,55443.14,910,3,23,No
CUST0323,Female,29,Prepaid,91357.98,742,4,8,No
CUST0324,Female,52,Prepaid,91341.85,140,4,21,Yes
CUST0325,Female,52,Prepaid,168068.99,131,2,9,No
CUST0326,Female,18,Postpaid,196225.2,373,2,14,No
CUST0327,Male,57,Prepaid,105681.06,163,1,4,No
CUST0328,Male,39,Postpaid,114333.03,818,1,21,Yes
CUST0329,Female,46,Prepaid,176718.42,107,4,15,No
CUST0330,Female,25,Prepaid,90220.85,203,2,12,No
CUST0331,Male,28,Postpaid,73457.27,926,0,21,Yes
CUST0332,Male,58,Prepaid,177963.44,453,3,24,Yes
CUST0333,Female,54,Postpaid,56975.09,677,2,19,Yes
CUST0334,Male,31,Postpaid,142954.92,904,2,17,No
CUST0335,Female,47,Prepaid,134298.93,315,5,10,Yes
CUST0336,Female,52,Postpaid,101888.07,364,1,26,No
CUST0337,Male,38,Postpaid,97278.43,764,3,8,Yes
CUST0338,Male,54,Postpaid,165778.66,90,4,15,Yes
CUST0339,Female,22,Postpaid,62963.69,154,2,1,No
CUST0340,Female,36,Postpaid,85517.65,950,4,25,Yes
CUST0341,Male,31,Postpaid,159867.31,939,2,24,Yes
CUST0342,Female,43,Postpaid,132248.09,242,4,1,No
CUST0343,Male,21,Postpaid,69198.23,450,3,11,No
CUST0344,Female,42,Prepaid,182320.34,327,1,7,No
CUST0345,Male,62,Prepaid,109017.18,403,3,8,No
CUST0346,Male,59,Postpaid,174180.26,798,5,11,Yes
CUST0347,Male,42,Prepaid,168156.95,986,0,25,No
CUST0348,Female,35,Postpaid,143663.82,782,1,8,No
CUST0349,Female,57,Postpaid,124172.17,629,3,9,No
CUST0350,Male,25,Prepaid,196932.63,758,5,24,Yes
CUST0351,Female,56,Postpaid,71744.76,305,0,1,No
CUST0352,Male,57,Postpaid,158773.36,700,5,15,No
CUST0353,Male,31,Postpaid,78678.61,873,2,19,Yes
CUST0354,Female,49,Postpaid,100739.47,996,2,6,No
CUST0355,Female,55,Prepaid,96304.81,710,4,27,Yes
CUST0356,Male,50,Postpaid,192055.4,148,1,1,No
CUST0357,Female,40,Postpaid,195103.43,637,2,0,No
CUST0358,Female,32,Postpaid,77452.32,331,5,18,Yes
CUST0359,Male,50,Prepaid,53305.27,932,1,27,Yes
CUST0360,Male,42,Postpaid,158001.21,452,2,3,No
CUST0361,Female,34,Prepaid,112698.49,158,4,23,Yes
CUST0362,Male,50,Prepaid,63326.04,749,3,21,Yes
CUST0363,Male,64,Postpaid,152563.12,248,4,26,No
CUST0364,Female,19,Postpaid,131765.83,352,0,1,No
CUST0365,Male,31,Prepaid,197077.52,376,2,24,No
CUST0366,Male,57,Postpaid,84111.42,203,0,13,No
CUST0367,Female,57,Prepaid,110596.68,601,0,1,Yes
CUST0368,Female,56,Prepaid,131381.87,694,5,28,Yes
CUST0369,Male,23,Postpaid,168755.0,454,1,14,No
CUST0370,Male,23,Postpaid,132325.8,511,5,11,No
CUST0371,Female,20,Prepaid,141935.02,181,2,4,No
CUST0372,Female,24,Prepaid,83922.06,840,0,27,No
CUST0373,Female,25,Prepaid,177037.81,923,3,19,Yes
CUST0374,Female,59,Prepaid,114294.58,133,0,28,Yes
CUST0375,Male,32,Postpaid,71143.94,448,3,6,No
CUST0376,Female,64,Postpaid,149628.19,803,5,23,No
CUST0377,Female,46,Postpaid,82413.57,677,5,20,No
CUST0378,Male,50,Postpaid,64634.38,158,1,9,No
CUST0379,Female,47,Postpaid,179298.04,270,0,13,No
CUST0380,Male,56,Prepaid,119024.34,953,4,13,Yes
CUST0381,Female,44,Postpaid,162392.56,602,5,4,Yes
CUST0382,Female,53,Postpaid,93588.13,417,5,17,Yes
CUST0383,Female,46,Postpaid,168045.52,196,1,23,Yes
CUST0384,Male,55,Postpaid,66790.39,161,3,13,Yes
CUST0385,Male,50,Postpaid,103396.01,664,1,1,No
CUST0386,Female,54,Prepaid,196709.27,607,0,25,No
CUST0387,Male,44,Prepaid,169098.46,973,2,11,No
CUST0388,Male,50,Prepaid,124588.39,543,2,21,Yes
CUST0389,Male,21,Postpaid,100966.62,554,3,23,Yes
CUST0390,Male,39,Prepaid,180820.36,524,5,5,Yes
CUST0391,Male,19,Prepaid,131727.16,885,3,3,No
CUST0392,Male,27,Postpaid,163763.75,939,5,12,No
CUST0393,Female,22,Postpaid,163116.15,320,5,3,No
CUST0394,Female,27,Postpaid,52691.85,470,2,21,Yes
CUST0395,Male,50,Prepaid,68938.07,946,3,13,No
CUST0396,Female,55,Prepaid,148944.4,756,1,15,Yes
CUST0397,Female,30,Postpaid,74242.97,416,5,28,Yes
CUST0398,Female,48,Postpaid,88324.0,329,4,3,No
CUST0399,Female,64,Prepaid,191995.69,332,4,23,Yes
CUST0400,Male,53,Prepaid,134027.34,89,1,24,Yes
CUST0401,Female,62,Postpaid,162609.43,238,4,0,No
CUST0402,Female,41,Postpaid,133697.11,213,0,12,No
CUST0403,Male,32,Prepaid,132877.04,585,5,3,Yes
CUST0404,Male,46,Postpaid,64122.79,585,1,19,Yes
CUST0405,Female,25,Prepaid,101549.48,53,3,17,Yes
CUST0406,Female,22,Prepaid,92364.63,884,5,5,Yes
CUST0407,Female,46,Prepaid,108609.25,339,1,2,No
CUST0408,Female,64,Prepaid,169751.63,482,2,22,Yes
CUST0409,Female,21,Postpaid,105789.9,520,3,12,No
CUST0410,Female,29,Postpaid,117754.52,230,2,26,Yes
CUST0411,Male,62,Prepaid,109607.21,297,5,15,No
CUST0412,Female,19,Prepaid,64011.2,677,3,26,Yes
CUST0413,Female,44,Prepaid,116160.82,328,4,4,No
CUST0414,Male,48,Prepaid,79341.39,926,1,3,No
CUST0415,Male,53,Prepaid,78008.49,630,5,20,Yes
CUST0416,Male,53,Postpaid,64105.42,912,0,7,No
CUST0417,Male,43,Postpaid,103500.65,303,3,18,Yes
CUST0418,Female,60,Postpaid,163622.28,230,3,13,No
CUST0419,Female,44,Postpaid,91466.25,879,5,6,No
CUST0420,Female,22,Prepaid,96852.37,730,5,13,No
CUST0421,Female,37,Prepaid,146401.2,874,2,5,No
CUST0422,Female,28,Prepaid,79376.12,558,4,11,No
CUST0423,Female,27,Prepaid,184543.69,810,2,15,Yes
CUST0424,Male,57,Prepaid,128028.58,749,2,16,No
CUST0425,Female,55,Postpaid,117140.44,615,4,12,Yes
CUST0426,Male,23,Prepaid,133673.03,375,0,22,No
CUST0427,Male,25,Postpaid,74905.15,406,2,13,No
CUST0428,Female,40,Postpaid,142020.97,874,2,28,Yes
CUST0429,Male,64,Postpaid,104465.11,699,3,6,No
CUST0430,Female,43,Postpaid,184577.95,729,4,13,No
CUST0431,Male,63,Prepaid,75328.13,440,1,14,No
CUST0432,Female,60,Postpaid,126057.67,664,0,11,No
CUST0433,Male,29,Postpaid,139716.89,983,0,16,No
CUST0434,Female,43,Postpaid,55007.54,134,4,8,Yes
CUST0435,Female,30,Prepaid,104553.97,366,5,21,Yes
CUST0436,Female,57,Prepaid,159895.29,261,5,14,Yes
CUST0437,Female,35,Prepaid,173056.63,564,3,11,No
CUST0438,Female,42,Postpaid,96974.3,433,3,1,No
CUST0439,Male,50,Postpaid,169788.99,740,4,4,No
CUST0440,Male,64,Prepaid,195163.38,391,3,12,No
CUST0441,Male,57,Postpaid,178531.09,864,0,26,No
CUST0442,Female,60,Prepaid,67646.6,893,0,19,No
CUST0443,Male,29,Prepaid,160959.55,87,1,22,No
CUST0444,Female,61,Postpaid,97950.02,560,5,7,Yes
CUST0445,Female,53,Postpaid,198262.4,469,4,26,Yes
CUST0446,Male,21,Postpaid,122803.85,800,2,13,No
CUST0447,Male,22,Postpaid,68365.08,218,5,14,Yes
CUST0448,Female,54,Prepaid,158777.83,958,2,10,No
CUST0449,Male,25,Prepaid,98451.68,392,1,0,Yes
CUST0450,Female,59,Prepaid,199561.72,875,1,20,No
CUST0451,Female,45,Prepaid,196967.37,355,3,2,No
CUST0452,Female,48,Prepaid,148420.1,591,1,16,Yes
CUST0453,Female,26,Postpaid,69473.97,751,1,27,No
CUST0454,Female,46,Prepaid,153029.15,918,2,18,No
CUST0455,Male,31,Prepaid,63954.57,586,3,13,Yes
CUST0456,Male,57,Prepaid,54404.62,161,1,21,Yes
CUST0457,Female,58,Postpaid,173443.77,460,5,29,Yes
CUST0458,Female,39,Postpaid,81462.94,996,1,22,No
CUST0459,Male,28,Postpaid,106854.07,255,3,7,Yes
CUST0460,Male,40,Postpaid,196018.61,234,4,12,No
CUST0461,Female,18,Prepaid,100526.08,431,3,26,Yes
CUST0462,Male,63,Prepaid,94473.47,545,2,19,Yes
CUST0463,Female,54,Postpaid,187731.2,428,4,2,No
CUST0464,Male,38,Postpaid,66612.27,96,5,4,Yes
CUST0465,Female,43,Prepaid,163937.36,935,0,8,No
CUST0466,Male,63,Prepaid,198209.83,789,3,28,Yes
CUST0467,Female,53,Postpaid,185194.4,600,2,5,No
CUST0468,Male,40,Postpaid,147750.19,577,5,24,Yes
CUST0469,Male,18,Postpaid,97109.12,553,4,21,Yes
CUST0470,Female,57,Postpaid,88148.3,71,5,1,No
CUST0471,Male,32,Prepaid,172888.27,262,3,12,No
CUST0472,Female,38,Prepaid,181973.29,359,1,4,No
CUST0473,Male,64,Prepaid,128815.24,710,3,27,Yes
CUST0474,Female,26,Postpaid,86650.99,802,0,26,No
CUST0475,Male,26,Postpaid,66941.48,321,3,24,Yes
CUST0476,Female,27,Prepaid,63076.92,620,4,7,No
CUST0477,Male,43,Prepaid,157861.62,848,4,22,Yes
CUST0478,Female,58,Prepaid,113017.81,987,3,0,No
CUST0479,Male,52,Prepaid,185803.98,251,4,19,No
CUST0480,Female,42,Postpaid,160950.7,81,1,11,No
CUST0481,Female,43,Prepaid,78689.06,492,5,22,No
CUST0482,Female,28,Prepaid,142066.61,211,3,10,No
CUST0483,Male,55,Prepaid,115325.82,816,1,6,No
CUST0484,Female,19,Prepaid,136587.46,303,5,14,No
CUST0485,Male,24,Prepaid,160710.37,570,5,21,Yes
CUST0486,Female,35,Prepaid,170929.38,700,1,23,No
CUST0487,Male,44,Prepaid,176560.6,529,2,10,No
CUST0488,Female,51,Postpaid,88096.23,59,3,28,Yes
CUST0489,Male,44,Postpaid,54667.34,775,5,21,Yes
CUST0490,Male,34,Postpaid,160894.21,554,5,25,Yes
CUST0491,Female,60,Postpaid,65951.56,834,4,15,Yes
CUST0492,Male,61,Prepaid,97237.94,885,5,2,No
CUST0493,Male,41,Postpaid,50572.57,609,1,19,No
CUST0494,Female,42,Postpaid,152250.42,485,5,13,Yes
CUST0495,Male,24,Prepaid,75069.8,160,2,2,No
CUST0496,Male,23,Prepaid,148292.36,202,3,0,No
CUST0497,Male,41,Postpaid,198761.39,684,3,25,No
CUST0498,Female,50,Postpaid,60900.63,966,5,20,Yes
CUST0499,Male,46,Prepaid,61561.7,918,0,14,No
CUST0500,Female,60,Postpaid,101057.01,151,0,0,No
CUST0501,Male,39,Prepaid,179957.98,802,1,16,No
CUST0502,Male,43,Prepaid,82329.48,882,0,1,No
CUST0503,Male,45,Prepaid,104056.67,240,1,28,No
CUST0504,Female,38,Prepaid,60275.81,778,4,19,Yes
CUST0505,Male,24,Postpaid,164473.29,612,1,5,No
CUST0506,Male,34,Prepaid,111245.95,853,0,7,No
CUST0507,Female,37,Prepaid,163887.31,130,5,28,Yes
CUST0508,Male,58,Postpaid,185541.18,538,4,15,No
CUST0509,Female,37,Prepaid,84914.47,944,0,18,No
CUST0510,Female,39,Postpaid,171109.4,137,1,0,No
CUST0511,Male,45,Postpaid,58864.08,243,2,2,No
CUST0512,Female,57,Postpaid,184827.11,153,3,27,Yes
CUST0513,Male,24,Prepaid,147615.28,832,0,2,No
CUST0514,Female,18,Postpaid,181134.01,145,1,4,No
CUST0515,Female,49,Postpaid,50028.26,472,4,26,Yes
CUST0516,Male,30,Prepaid,75362.16,940,0,11,No
CUST0517,Female,47,Postpaid,108463.91,247,0,11,No
CUST0518,Female,40,Postpaid,106925.44,50,3,19,Yes
CUST0519,Female,36,Postpaid,84009.56,456,1,12,No
CUST0520,Female,49,Postpaid,107241.79,427,2,19,No
CUST0521,Female,47,Postpaid,69327.31,216,4,8,No
CUST0522,Male,46,Prepaid,111914.17,558,1,6,No
CUST0523,Female,62,Postpaid,170353.15,687,4,3,No
CUST0524,Male,46,Postpaid,121860.51,362,0,18,No
CUST0525,Female,47,Prepaid,52700.01,642,3,21,Yes
CUST0526,Male,33,Prepaid,113216.61,467,3,18,Yes
CUST0527,Male,57,Prepaid,54076.25,812,5,5,No
CUST0528,Female,36,Postpaid,194936.51,730,2,26,No
CUST0529,Female,35,Prepaid,69118.09,526,3,12,No
CUST0530,Female,18,Postpaid,156153.25,122,0,10,No
CUST0531,Male,31,Postpaid,195916.45,190,2,12,No
CUST0532,Female,64,Prepaid,173905.86,631,1,12,No
CUST0533,Male,19,Prepaid,154897.31,311,3,27,Yes
CUST0534,Male,45,Postpaid,175919.14,389,2,24,No
CUST0535,Male,47,Prepaid,197269.8,357,0,21,No
CUST0536,Female,55,Postpaid,143201.67,294,5,27,Yes
CUST0537,Female,21,Prepaid,133877.72,564,4,19,Yes
CUST0538,Male,18,Prepaid,144235.72,386,4,14,Yes
CUST0539,Male,25,Prepaid,129901.38,624,0,20,Yes
CUST0540,Female,46,Postpaid,145263.37,610,0,12,Yes
CUST0541,Male,56,Prepaid,117476.33,125,4,21,No
CUST0542,Female,20,Postpaid,82766.48,929,5,10,Yes
CUST0543,Male,49,Postpaid,68037.08,224,2,18,No
CUST0544,Female,27,Postpaid,60251.14,158,4,7,No
CUST0545,Male,27,Postpaid,89497.37,232,0,19,No
CUST0546,Female,36,Prepaid,56918.53,241,3,7,No
CUST0547,Male,63,Postpaid,135075.62,114,1,9,No
CUST0548,Female,51,Postpaid,92574.27,898,5,25,Yes
CUST0549,Female,50,Prepaid,173680.22,523,5,15,Yes
CUST0550,Male,40,Postpaid,61136.13,832,3,18,No
CUST0551,Male,45,Prepaid,83952.72,149,3,25,No
CUST0552,Female,49,Postpaid,159536.92,593,0,22,No
CUST0553,Male,24,Prepaid,139821.24,913,4,10,Yes
CUST0554,Female,46,Postpaid,59673.69,177,2,12,No
CUST0555,Male,25,Prepaid,181585.92,501,5,27,Yes
CUST0556,Female,18,Postpaid,181589.26,963,5,8,No
CUST0557,Female,20,Postpaid,99561.2,418,3,19,Yes
CUST0558,Female,41,Prepaid,101060.88,900,4,23,Yes
CUST0559,Female,40,Prepaid,198354.25,92,5,18,Yes
CUST0560,Female,25,Prepaid,143926.43,933,2,15,No
CUST0561,Female,64,Prepaid,129697.48,468,3,6,No
CUST0562,Male,54,Postpaid,175722.83,537,2,18,Yes
CUST0563,Male,20,Postpaid,92793.55,127,4,11,No
CUST0564,Male,50,Prepaid,114377.39,875,5,14,Yes
CUST0565,Female,45,Postpaid,90166.5,850,1,22,No
CUST0566,Female,64,Prepaid,168374.13,319,5,13,Yes
CUST0567,Female,25,Prepaid,136002.4,723,4,10,No
CUST0568,Female,51,Postpaid,148823.76,750,5,25,Yes
CUST0569,Male,52,Postpaid,87846.09,808,5,9,Yes
CUST0570,Male,49,Postpaid,83033.8,949,0,26,No
CUST0571,Female,41,Postpaid,123256.19,777,5,10,Yes
CUST0572,Male,31,Postpaid,160634.86,364,5,5,No
CUST0573,Male,49,Postpaid,128785.96,974,2,1,No
CUST0574,Female,63,Postpaid,54896.85,900,1,10,No
CUST0575,Male,60,Prepaid,180282.73,951,2,18,No
CUST0576,Female,33,Prepaid,59703.03,938,2,5,No
CUST0577,Male,21,Prepaid,193373.67,994,3,13,Yes
CUST0578,Female,54,Prepaid,53771.29,217,0,19,No
CUST0579,Female,38,Prepaid,154167.57,388,2,5,No
CUST0580,Female,31,Postpaid,62331.06,242,4,16,No
CUST0581,Female,48,Prepaid,186601.49,502,4,9,No
CUST0582,Male,35,Prepaid,119664.99,332,5,27,Yes
CUST0583,Female,24,Prepaid,70628.57,385,3,0,No
CUST0584,Female,27,Prepaid,101122.35,439,0,2,No
CUST0585,Female,24,Prepaid,74723.7,574,0,7,No
CUST0586,Male,50,Prepaid,75587.29,289,5,7,Yes
CUST0587,Female,40,Prepaid,192216.25,881,4,26,Yes
CUST0588,Male,38,Postpaid,116786.92,532,1,19,Yes
CUST0589,Female,36,Postpaid,168320.34,708,3,21,No
CUST0590,Male,36,Prepaid,145940.83,765,5,14,Yes
CUST0591,Male,53,Postpaid,151463.95,641,3,23,Yes
CUST0592,Female,46,Postpaid,69754.02,940,4,6,No
CUST0593,Male,35,Postpaid,85127.67,604,4,10,No
CUST0594,Female,19,Postpaid,168012.55,507,1,6,No
CUST0595,Female,18,Prepaid,195614.93,138,1,28,Yes
CUST0596,Female,64,Postpaid,89401.35,709,0,3,No
CUST0597,Male,22,Postpaid,90735.31,144,3,24,Yes
CUST0598,Male,37,Postpaid,120934.57,501,3,11,No
CUST0599,Female,28,Prepaid,197576.05,477,4,25,Yes
CUST0600,Female,59,Prepaid,90343.84,200,0,5,No
CUST0601,Male,19,Prepaid,111045.79,563,5,13,No
CUST0602,Female,20,Prepaid,183722.0,425,3,11,No
CUST0603,Female,40,Prepaid,50438.15,71,0,10,No
CUST0604,Female,29,Prepaid,55964.89,932,0,18,No
CUST0605,Male,37,Prepaid,140610.75,362,4,20,Yes
CUST0606,Male,22,Postpaid,186107.02,889,0,4,No
CUST0607,Male,54,Postpaid,85828.5,568,1,13,No
CUST0608,Female,55,Postpaid,120446.27,255,1,20,No
CUST0609,Female,47,Prepaid,117569.8,424,2,23,Yes
CUST0610,Female,26,Prepaid,120945.7,500,4,15,Yes
CUST0611,Male,51,Prepaid,143377.95,675,5,24,Yes
CUST0612,Female,61,Prepaid,120461.56,833,2,12,No
CUST0613,Female,52,Prepaid,117120.22,644,1,24,Yes
CUST0614,Female,39,Postpaid,121143.26,228,2,28,Yes
CUST0615,Female,61,Postpaid,138630.12,259,4,21,Yes
CUST0616,Male,41,Prepaid,130551.12,549,4,21,Yes
CUST0617,Male,34,Prepaid,178120.4,513,0,24,No
CUST0618,Female,27,Prepaid,57424.53,889,3,19,Yes
CUST0619,Male,47,Prepaid,174997.56,173,0,21,No
CUST0620,Male,63,Postpaid,176588.69,162,4,3,No
CUST0621,Female,40,Prepaid,92736.2,61,1,10,No
CUST0622,Female,49,Prepaid,119427.79,175,5,16,No
CUST0623,Male,34,Prepaid,115780.77,614,1,6,No
CUST0624,Female,34,Prepaid,82776.48,380,0,13,No
CUST0625,Male,31,Postpaid,109519.53,950,5,25,Yes
CUST0626,Female,26,Prepaid,56658.17,332,4,10,Yes
CUST0627,Male,57,Prepaid,91673.31,189,1,27,Yes
CUST0628,Female,19,Postpaid,172502.33,450,4,21,Yes
CUST0629,Male,62,Postpaid,92684.35,951,5,8,No
CUST0630,Male,42,Postpaid,172731.0,146,5,22,Yes
CUST0631,Male,56,Prepaid,129739.92,566,1,12,No
CUST0632,Female,26,Prepaid,181979.4,618,4,22,Yes
CUST0633,Male,39,Postpaid,136216.93,973,2,17,No
CUST0634,Male,60,Postpaid,54450.23,895,4,27,Yes
CUST0635,Female,63,Postpaid,151313.03,118,5,10,No
CUST0636,Female,21,Postpaid,56728.04,167,4,14,Yes
CUST0637,Male,43,Postpaid,117589.55,937,0,24,No
CUST0638,Male,46,Postpaid,189414.0,108,2,25,Yes
CUST0639,Female,62,Prepaid,74780.59,82,3,24,Yes
CUST0640,Female,51,Prepaid,108480.85,367,0,21,No
CUST0641,Female,40,Prepaid,159479.05,99,3,28,Yes
CUST0642,Female,54,Postpaid,182338.78,929,1,18,No
CUST0643,Female,28,Postpaid,150641.45,538,3,0,No
CUST0644,Male,23,Postpaid,88725.99,68,4,3,No
CUST0645,Female,35,Postpaid,151191.18,775,3,13,No
CUST0646,Male,38,Postpaid,94509.15,246,5,13,Yes
CUST0647,Male,59,Postpaid,157764.38,940,0,2,No
CUST0648,Male,53,Prepaid,193104.97,499,0,29,Yes
CUST0649,Female,58,Prepaid,158209.02,608,3,27,Yes
CUST0650,Male,55,Postpaid,179432.08,728,0,16,No
CUST0651,Male,51,Prepaid,50315.58,501,5,2,Yes
CUST0652,Female,34,Postpaid,157635.82,338,0,15,Yes
CUST0653,Male,54,Prepaid,174438.13,190,3,13,No
CUST0654,Male,42,Postpaid,56083.81,133,2,29,Yes
CUST0655,Female,55,Postpaid,180739.66,743,2,19,Yes
CUST0656,Male,29,Prepaid,88504.13,440,1,28,Yes
CUST0657,Male,40,Prepaid,149793.82,640,0,12,No
CUST0658,Male,59,Postpaid,170053.23,264,3,14,Yes
CUST0659,Female,39,Postpaid,149399.68,575,0,13,No
CUST0660,Female,38,Prepaid,63842.72,264,4,23,Yes
CUST0661,Female,44,Prepaid,139448.23,452,5,24,Yes
CUST0662,Male,48,Postpaid,132437.55,177,0,18,No
CUST0663,Male,23,Prepaid,185048.19,871,0,5,No
CUST0664,Female,44,Postpaid,110635.96,526,2,9,No
CUST0665,Male,57,Postpaid,98162.16,809,5,26,Yes
CUST0666,Male,51,Postpaid,162477.61,453,3,14,Yes
CUST0667,Female,29,Postpaid,111901.3,78,0,20,No
CUST0668,Female,62,Prepaid,146914.43,841,2,21,Yes
CUST0669,Male,24,Prepaid,146967.51,387,1,19,No
CUST0670,Male,27,Prepaid,183205.86,880,5,25,No
CUST0671,Male,62,Prepaid,139803.86,763,2,5,No
CUST0672,Female,34,Prepaid,125323.04,410,2,22,No
CUST0673,Female,43,Prepaid,70830.7,618,2,24,Yes
CUST0674,Female,38,Prepaid,67360.64,441,0,9,No
CUST0675,Female,45,Postpaid,73148.23,267,0,6,No
CUST0676,Male,63,Prepaid,75777.27,623,1,21,No
CUST0677,Female,19,Prepaid,145681.56,718,4,16,Yes
CUST0678,Female,60,Postpaid,161147.19,251,4,17,Yes
CUST0679,Female,18,Prepaid,129498.73,66,4,16,No
CUST0680,Female,53,Prepaid,174352.66,371,5,8,Yes
CUST0681,Female,43,Postpaid,198689.48,567,5,9,Yes
CUST0682,Male,46,Prepaid,173001.89,619,1,9,No
CUST0683,Male,38,Prepaid,154232.36,374,5,24,Yes
CUST0684,Female,28,Prepaid,129873.9,461,4,6,No
CUST0685,Male,57,Postpaid,117327.96,367,4,15,No
CUST0686,Female,28,Prepaid,62658.86,730,2,28,Yes
CUST0687,Female,53,Prepaid,109905.31,131,5,17,Yes
CUST0688,Male,56,Postpaid,186520.2,523,0,5,No
CUST0689,Male,57,Prepaid,171203.39,517,0,26,No
CUST0690,Female,52,Postpaid,82407.7,474,2,19,No
CUST0691,Female,51,Postpaid,119991.17,994,2,0,No
CUST0692,Female,64,Prepaid,172508.48,780,2,0,No
CUST0693,Male,41,Postpaid,60107.68,738,0,11,Yes
CUST0694,Female,39,Postpaid,108108.89,253,4,20,Yes
CUST0695,Female,22,Prepaid,177776.19,632,2,27,No
CUST0696,Female,50,Postpaid,110584.68,436,1,1,No
CUST0697,Male,53,Postpaid,61642.2,827,2,3,No
CUST0698,Female,64,Prepaid,131380.16,147,3,16,Yes
CUST0699,Female,37,Prepaid,179261.37,394,2,3,No
CUST0700,Male,36,Prepaid,138542.83,852,0,10,No
CUST0701,Female,52,Postpaid,83941.87,257,5,21,Yes
CUST0702,Female,60,Prepaid,107635.94,563,2,25,Yes
CUST0703,Male,34,Postpaid,117518.5,685,5,3,No
CUST0704,Female,62,Postpaid,136889.95,841,3,0,No
CUST0705,Male,60,Postpaid,163902.65,635,1,6,No
CUST0706,Male,51,Postpaid,64831.04,215,5,29,Yes
CUST0707,Female,26,Postpaid,183447.8,71,4,17,Yes
CUST0708,Female,43,Postpaid,51846.46,203,2,8,No
CUST0709,Female,19,Postpaid,105507.85,988,3,28,Yes
CUST0710,Female,26,Prepaid,54113.05,488,3,2,No
CUST0711,Male,26,Prepaid,108946.13,344,5,7,Yes
CUST0712,Female,57,Postpaid,128871.89,268,1,28,Yes
CUST0713,Male,34,Postpaid,126752.21,718,0,23,No
CUST0714,Female,18,Prepaid,74844.25,544,2,18,No
CUST0715,Female,42,Postpaid,146861.08,279,3,3,No
CUST0716,Female,60,Prepaid,56716.77,69,1,17,No
CUST0717,Male,57,Prepaid,164286.02,602,4,19,Yes
CUST0718,Female,59,Prepaid,191996.67,999,3,26,No
CUST0719,Female,42,Postpaid,100965.32,197,1,10,No
CUST0720,Female,56,Postpaid,127585.91,157,0,26,Yes
CUST0721,Female,52,Prepaid,106836.54,452,0,13,No
CUST0722,Male,20,Prepaid,51006.56,645,3,24,Yes
CUST0723,Female,54,Prepaid,107881.18,532,3,17,Yes
CUST0724,Male,61,Prepaid,168758.04,416,5,27,Yes
CUST0725,Male,61,Prepaid,139398.33,883,2,27,Yes
CUST0726,Male,47,Postpaid,65188.99,463,1,28,No
CUST0727,Male,55,Prepaid,177070.92,358,3,15,Yes
CUST0728,Male,51,Postpaid,129662.8,851,2,2,No
CUST0729,Male,29,Prepaid,176258.5,967,5,14,Yes
CUST0730,Female,36,Postpaid,137033.23,884,2,26,No
CUST0731,Male,54,Postpaid,133953.27,183,3,26,Yes
CUST0732,Male,61,Postpaid,65788.88,768,0,3,No
CUST0733,Male,34,Postpaid,75103.96,332,1,4,Yes
CUST0734,Female,27,Postpaid,195803.79,827,1,16,Yes
CUST0735,Female,64,Postpaid,84273.01,122,0,6,No
CUST0736,Male,29,Prepaid,196617.82,530,3,15,No
CUST0737,Female,33,Postpaid,129786.91,401,1,13,No
CUST0738,Male,41,Prepaid,70368.36,609,3,25,Yes
CUST0739,Male,36,Postpaid,64895.33,375,5,15,Yes
CUST0740,Female,25,Postpaid,81329.61,794,3,6,No
CUST0741,Male,48,Prepaid,188845.6,492,2,8,No
CUST0742,Female,38,Postpaid,112122.53,149,0,3,No
CUST0743,Female,34,Prepaid,109315.14,108,3,29,Yes
CUST0744,Male,40,Prepaid,96980.94,557,5,29,Yes
CUST0745,Male,54,Prepaid,72059.28,307,4,21,Yes
CUST0746,Female,33,Prepaid,123177.68,462,0,10,No
CUST0747,Male,23,Postpaid,69507.17,501,1,1,No
CUST0748,Male,25,Postpaid,175322.04,114,2,11,No
CUST0749,Male,42,Prepaid,105559.55,644,1,11,No
CUST0750,Female,35,Postpaid,106220.54,203,5,29,Yes
CUST0751,Female,42,Postpaid,121100.96,315,5,3,Yes
CUST0752,Male,29,Prepaid,116619.16,870,1,17,No
CUST0753,Female,32,Postpaid,199228.7,128,0,25,No
CUST0754,Female,43,Prepaid,131807.17,364,1,20,No
CUST0755,Female,58,Prepaid,63230.26,711,3,6,No
CUST0756,Female,62,Postpaid,141031.6,996,1,28,No
CUST0757,Female,43,Postpaid,72737.64,609,2,0,No
CUST0758,Male,64,Postpaid,54640.65,966,2,25,Yes
CUST0759,Male,49,Prepaid,195611.32,940,4,25,Yes
CUST0760,Male,27,Prepaid,166030.83,297,2,22,Yes
CUST0761,Female,33,Postpaid,197016.35,839,1,25,Yes
CUST0762,Female,24,Postpaid,121681.77,917,2,12,No
CUST0763,Male,34,Postpaid,129838.63,659,0,5,No
CUST0764,Female,40,Postpaid,75250.54,463,2,5,No
CUST0765,Male,43,Prepaid,87036.11,74,3,11,No
CUST0766,Male,38,Postpaid,175782.38,333,0,7,No
CUST0767,Male,39,Prepaid,103427.85,498,4,23,Yes
CUST0768,Female,24,Prepaid,174022.25,930,3,21,Yes
CUST0769,Female,31,Postpaid,156352.06,350,1,18,No
CUST0770,Male,32,Postpaid,76575.64,117,1,4,No
CUST0771,Male,24,Postpaid,126116.95,56,1,17,No
CUST0772,Male,26,Prepaid,151608.1,866,3,29,Yes
CUST0773,Male,25,Postpaid,85255.58,186,3,4,No
CUST0774,Female,40,Postpaid,174603.28,213,3,29,Yes
CUST0775,Female,46,Prepaid,131724.15,132,0,24,No
CUST0776,Male,35,Postpaid,74786.31,946,5,9,No
CUST0777,Male,48,Prepaid,137447.66,699,0,0,No
CUST0778,Female,47,Postpaid,199957.07,469,1,9,No
CUST0779,Female,56,Prepaid,72578.22,122,5,4,Yes
CUST0780,Male,52,Postpaid,172513.54,286,2,11,Yes
CUST0781,Male,35,Postpaid,81096.35,95,1,21,Yes
CUST0782,Male,59,Prepaid,167358.25,667,4,29,Yes
CUST0783,Female,56,Prepaid,160186.69,977,0,26,No
CUST0784,Female,34,Postpaid,95073.41,849,3,6,No
CUST0785,Female,31,Prepaid,98873.47,311,0,8,No
CUST0786,Male,48,Prepaid,168878.21,225,3,21,Yes
CUST0787,Male,41,Prepaid,119216.83,215,5,20,Yes
CUST0788,Female,52,Prepaid,159622.7,706,4,11,No
CUST0789,Female,61,Postpaid,72197.62,891,5,22,Yes
CUST0790,Male,62,Postpaid,177883.67,419,4,28,Yes
CUST0791,Female,51,Prepaid,156632.71,844,0,0,No
CUST0792,Female,20,Prepaid,186041.42,103,3,10,No
CUST0793,Male,54,Prepaid,69855.86,739,5,29,Yes
CUST0794,Female,60,Prepaid,138952.18,468,4,20,Yes
CUST0795,Male,57,Postpaid,139868.09,805,1,14,No
CUST0796,Male,43,Postpaid,103019.11,556,1,1,Yes
CUST0797,Male,40,Prepaid,118769.96,390,5,19,Yes
CUST0798,Male,61,Prepaid,55697.23,176,3,6,No
CUST0799,Male,56,Prepaid,161879.01,458,5,20,Yes
CUST0800,Male,32,Postpaid,132398.37,973,0,11,No
CUST0801,Male,21,Prepaid,58661.16,416,4,21,No
CUST0802,Female,46,Postpaid,152113.38,320,0,17,No
CUST0803,Male,39,Prepaid,120017.31,693,1,2,No
CUST0804,Male,42,Postpaid,55169.19,654,4,6,No
CUST0805,Female,30,Prepaid,195441.16,428,5,10,No
CUST0806,Female,35,Postpaid,192366.82,122,0,17,No
CUST0807,Female,50,Prepaid,126935.36,972,2,11,No
CUST0808,Male,33,Prepaid,64050.86,971,3,5,No
CUST0809,Female,62,Prepaid,163193.18,964,3,4,No
CUST0810,Male,59,Postpaid,123789.67,297,2,25,Yes
CUST0811,Male,61,Prepaid,95367.12,909,1,0,No
CUST0812,Male,19,Postpaid,123712.73,834,4,11,No
CUST0813,Male,52,Postpaid,128366.62,92,3,26,Yes
CUST0814,Female,59,Prepaid,134406.75,426,2,25,Yes
CUST0815,Female,51,Prepaid,116183.56,90,5,10,No
CUST0816,Male,47,Prepaid,140863.3,219,2,3,No
CUST0817,Male,30,Postpaid,187810.21,995,1,26,Yes
CUST0818,Male,30,Prepaid,104340.21,261,1,17,No
CUST0819,Female,35,Postpaid,158857.47,542,0,3,No
CUST0820,Male,49,Postpaid,184167.88,729,3,16,No
CUST0821,Male,49,Prepaid,118396.89,88,0,1,No
CUST0822,Female,52,Prepaid,116518.38,418,2,28,No
CUST0823,Female,56,Prepaid,140317.55,806,4,23,Yes
CUST0824,Male,63,Prepaid,138711.01,200,4,21,Yes
CUST0825,Female,46,Prepaid,170988.4,160,1,1,No
CUST0826,Female,46,Prepaid,121472.51,529,4,11,Yes
CUST0827,Male,61,Postpaid,199418.44,485,4,5,No
CUST0828,Female,33,Postpaid,58920.74,96,4,9,Yes
CUST0829,Male,61,Postpaid,50475.18,624,2,24,No
CUST0830,Female,64,Prepaid,146029.75,786,4,22,Yes
CUST0831,Male,27,Postpaid,94765.24,415,5,24,Yes
CUST0832,Male,47,Postpaid,86057.36,118,4,20,Yes
CUST0833,Male,42,Postpaid,96784.86,348,4,22,Yes
CUST0834,Female,56,Postpaid,88407.13,993,0,26,No
CUST0835,Male,37,Postpaid,54618.51,851,2,15,No
CUST0836,Female,22,Prepaid,195729.96,345,1,13,No
CUST0837,Male,18,Prepaid,83111.82,252,0,6,No
CUST0838,Male,47,Postpaid,160104.46,110,3,27,Yes
CUST0839,Female,20,Postpaid,164389.46,995,2,27,No
CUST0840,Male,62,Postpaid,189388.61,879,5,18,Yes
CUST0841,Male,31,Prepaid,54582.42,363,2,22,No
CUST0842,Female,47,Prepaid,180807.25,210,3,16,Yes
CUST0843,Male,21,Postpaid,129083.93,380,3,8,No
CUST0844,Male,35,Prepaid,144881.62,577,3,25,No
CUST0845,Male,54,Prepaid,146670.54,387,1,12,No
CUST0846,Male,42,Postpaid,172969.67,655,4,21,Yes
CUST0847,Female,18,Prepaid,100011.1,353,2,4,No
CUST0848,Female,63,Prepaid,159957.68,552,4,22,Yes
CUST0849,Male,32,Postpaid,129286.72,699,4,4,Yes
CUST0850,Female,26,Prepaid,169009.1,387,5,9,No
CUST0851,Male,32,Prepaid,198581.9,599,3,20,Yes
CUST0852,Female,41,Postpaid,80097.65,688,1,26,Yes
CUST0853,Male,21,Prepaid,199197.3,324,5,9,Yes
CUST0854,Male,29,Prepaid,63471.82,213,0,26,Yes
CUST0855,Male,54,Postpaid,50347.63,492,1,6,No
CUST0856,Male,54,Postpaid,56624.29,368,4,25,Yes
CUST0857,Male,60,Postpaid,101267.36,638,1,14,No
CUST0858,Male,23,Prepaid,144935.95,553,3,6,No
CUST0859,Female,56,Postpaid,60354.43,735,0,28,No
CUST0860,Male,63,Prepaid,50849.87,436,3,26,Yes
CUST0861,Female,41,Postpaid,190563.65,919,0,14,No
CUST0862,Male,28,Prepaid,173289.0,882,5,2,Yes
CUST0863,Female,30,Postpaid,171377.48,937,4,18,No
CUST0864,Female,51,Postpaid,182663.64,652,0,9,No
CUST0865,Female,42,Postpaid,155005.14,799,0,27,No
CUST0866,Male,24,Postpaid,65660.62,825,0,28,No
CUST0867,Male,21,Prepaid,109865.03,740,1,14,No
CUST0868,Female,25,Postpaid,158472.42,543,5,2,No
CUST0869,Male,37,Postpaid,92050.17,539,1,5,No
CUST0870,Female,46,Prepaid,153110.95,770,4,11,No
CUST0871,Male,62,Postpaid,53674.77,122,0,14,No
CUST0872,Female,63,Prepaid,95920.6,558,5,5,No
CUST0873,Female,27,Postpaid,132369.55,439,5,12,No
CUST0874,Male,60,Postpaid,144813.47,668,2,28,No
CUST0875,Female,51,Postpaid,136556.1,906,4,18,Yes
CUST0876,Male,43,Prepaid,154663.44,344,5,2,Yes
CUST0877,Female,58,Postpaid,50913.31,418,0,7,No
CUST0878,Female,20,Postpaid,65141.18,845,0,7,No
CUST0879,Male,23,Postpaid,180341.64,914,5,22,Yes
CUST0880,Male,22,Prepaid,152262.3,743,1,25,No
CUST0881,Male,22,Prepaid,66939.75,598,4,19,Yes
CUST0882,Female,64,Postpaid,176311.17,698,0,14,No
CUST0883,Male,40,Prepaid,86334.68,899,5,3,No
CUST0884,Female,26,Postpaid,121738.98,617,0,18,No
CUST0885,Female,52,Postpaid,71779.48,236,5,20,Yes
CUST0886,Male,37,Postpaid,156516.51,902,4,2,No
CUST0887,Male,59,Postpaid,150028.16,819,5,12,Yes
CUST0888,Female,52,Postpaid,81666.87,494,2,7,No
CUST0889,Female,35,Postpaid,179510.12,619,5,22,Yes
CUST0890,Male,34,Postpaid,110195.9,412,5,15,Yes
CUST0891,Male,41,Prepaid,93877.26,172,4,12,Yes
CUST0892,Male,20,Prepaid,72849.44,237,5,2,Yes
CUST0893,Male,49,Prepaid,89925.2,791,4,15,Yes
CUST0894,Male,52,Prepaid,53304.04,729,2,8,No
CUST0895,Female,55,Prepaid,137488.62,469,4,27,No
CUST0896,Female,30,Prepaid,176334.61,675,0,13,No
CUST0897,Female,64,Prepaid,132347.07,301,4,12,Yes
CUST0898,Female,42,Postpaid,82891.09,668,2,20,No
CUST0899,Male,26,Postpaid,55050.38,598,3,24,No
CUST0900,Male,21,Postpaid,82194.21,384,5,6,Yes
CUST0901,Male,31,Postpaid,112418.21,141,4,14,No
CUST0902,Female,54,Prepaid,163941.71,579,5,6,No
CUST0903,Female,51,Prepaid,78176.43,915,1,5,Yes
CUST0904,Male,28,Postpaid,157968.72,112,0,1,No
CUST0905,Male,58,Postpaid,180040.02,711,0,8,No
CUST0906,Female,20,Prepaid,118092.03,561,1,21,No
CUST0907,Female,45,Postpaid,173214.8,188,1,23,Yes
CUST0908,Male,46,Postpaid,133198.6,747,4,16,Yes
CUST0909,Male,26,Postpaid,145563.63,234,1,4,No
CUST0910,Female,20,Postpaid,128941.77,254,3,11,No
CUST0911,Male,42,Prepaid,119475.91,821,5,0,No
CUST0912,Male,51,Postpaid,85198.02,263,5,9,No
CUST0913,Male,29,Postpaid,95479.11,305,2,10,No
CUST0914,Female,59,Prepaid,93495.52,184,1,15,No
CUST0915,Female,26,Prepaid,134493.34,622,1,13,No
CUST0916,Female,32,Postpaid,67993.05,924,3,7,No
CUST0917,Female,57,Prepaid,187518.75,871,0,23,No
CUST0918,Female,42,Postpaid,158098.27,137,0,16,No
CUST0919,Female,22,Postpaid,110216.84,885,5,24,Yes
CUST0920,Female,28,Prepaid,73793.62,256,5,17,Yes
CUST0921,Male,51,Postpaid,182298.83,178,4,11,No
CUST0922,Male,41,Postpaid,173566.71,872,3,24,Yes
CUST0923,Male,32,Postpaid,158258.23,52,2,16,No
CUST0924,Male,55,Postpaid,90732.06,983,2,27,No
CUST0925,Male,25,Prepaid,110367.0,803,3,25,Yes
CUST0926,Male,22,Prepaid,65412.24,170,2,13,No
CUST0927,Male,43,Postpaid,78355.93,434,0,15,No
CUST0928,Female,35,Prepaid,167452.5,663,2,13,No
CUST0929,Female,23,Postpaid,157255.81,87,2,8,No
CUST0930,Male,54,Postpaid,139022.86,390,3,3,No
CUST0931,Male,30,Postpaid,184359.01,974,3,24,Yes
CUST0932,Female,45,Postpaid,137489.98,694,2,22,Yes
CUST0933,Male,22,Postpaid,120045.2,763,1,10,No
CUST0934,Male,30,Prepaid,101055.61,909,3,5,No
CUST0935,Female,34,Postpaid,191067.28,70,4,14,Yes
CUST0936,Male,57,Prepaid,62407.32,291,4,4,No
CUST0937,Female,62,Prepaid,189633.11,504,0,10,No
CUST0938,Male,49,Postpaid,174007.2,670,2,24,Yes
CUST0939,Female,46,Postpaid,69489.49,352,1,17,No
CUST0940,Female,20,Postpaid,134747.65,645,0,29,Yes
CUST0941,Female,57,Postpaid,179982.2,644,2,12,No
CUST0942,Male,51,Postpaid,135771.37,852,3,10,No
CUST0943,Female,57,Prepaid,186079.97,118,4,13,Yes
CUST0944,Male,44,Postpaid,191447.57,178,5,27,Yes
CUST0945,Male,30,Postpaid,113357.68,245,1,17,No
CUST0946,Male,62,Prepaid,106597.05,189,5,26,Yes
CUST0947,Male,50,Prepaid,190448.17,493,4,27,Yes
CUST0948,Female,23,Postpaid,151271.01,332,5,24,No
CUST0949,Female,41,Prepaid,67403.4,361,3,27,Yes
CUST0950,Male,36,Postpaid,56343.76,795,2,18,No
CUST0951,Male,33,Prepaid,134694.36,584,3,23,Yes
CUST0952,Female,57,Prepaid,189525.64,714,5,26,Yes
CUST0953,Male,45,Postpaid,176637.31,326,3,14,No
CUST0954,Female,50,Prepaid,151377.16,110,4,8,No
CUST0955,Male,58,Prepaid,70867.38,368,1,7,No
CUST0956,Male,30,Prepaid,88134.71,939,3,19,Yes
CUST0957,Female,60,Prepaid,181326.68,101,4,27,Yes
CUST0958,Male,62,Prepaid,77421.09,905,1,0,No
CUST0959,Female,42,Prepaid,91765.91,202,2,3,No
CUST0960,Male,59,Postpaid,69440.1,798,5,13,No
CUST0961,Male,53,Postpaid,151416.23,360,2,24,Yes
CUST0962,Male,44,Prepaid,191597.35,863,0,1,No
CUST0963,Female,55,Postpaid,90345.2,593,4,15,No
CUST0964,Male,24,Postpaid,121310.99,616,1,2,No
CUST0965,Male,22,Postpaid,145150.96,913,3,25,Yes
CUST0966,Male,60,Prepaid,199919.94,438,2,7,No
CUST0967,Male,62,Postpaid,65721.21,597,1,5,No
CUST0968,Female,48,Prepaid,124785.62,671,4,15,Yes
CUST0969,Female,40,Postpaid,107768.02,226,0,23,No
CUST0970,Male,59,Prepaid,179873.02,411,2,15,No
CUST0971,Female,27,Prepaid,121395.16,363,5,6,No
CUST0972,Male,49,Postpaid,66646.63,856,1,29,Yes
CUST0973,Male,60,Postpaid,145163.62,897,5,12,No
CUST0974,Male,47,Prepaid,165617.09,146,1,12,Yes
CUST0975,Female,56,Postpaid,50432.19,930,1,4,Yes
CUST0976,Female,48,Postpaid,178843.5,262,4,24,Yes
CUST0977,Female,35,Postpaid,77903.45,878,4,19,Yes
CUST0978,Female,53,Prepaid,132810.4,186,4,21,Yes
CUST0979,Female,19,Prepaid,112369.63,55,3,17,Yes
CUST0980,Female,31,Postpaid,157948.07,158,1,14,No
CUST0981,Female,30,Postpaid,105674.24,596,2,17,No
CUST0982,Female,46,Postpaid,180464.48,88,5,1,Yes
CUST0983,Female,29,Prepaid,159574.45,711,4,9,No
CUST0984,Male,56,Prepaid,147156.98,474,4,22,Yes
CUST0985,Female,19,Postpaid,169436.09,679,5,12,Yes
CUST0986,Female,49,Postpaid,163103.46,310,5,17,Yes
CUST0987,Female,30,Postpaid,55390.8,475,1,14,No
CUST0988,Female,63,Postpaid,109210.15,136,4,11,Yes
CUST0989,Female,44,Postpaid,189621.09,514,5,14,Yes
CUST0990,Female,58,Postpaid,68858.64,125,3,12,No
CUST0991,Female,34,Prepaid,160564.48,520,3,17,No
CUST0992,Female,57,Postpaid,196188.77,463,4,14,Yes
CUST0993,Female,48,Prepaid,57829.79,874,5,24,Yes
CUST0994,Female,51,Postpaid,152329.08,944,1,22,Yes
CUST0995,Female,41,Postpaid,120223.12,775,1,10,No
CUST0996,Male,62,Prepaid,136876.29,506,1,18,No
CUST0997,Male,52,Prepaid,62801.2,334,0,2,No
CUST0998,Female,23,Prepaid,56451.04,288,4,6,No
CUST0999,Female,36,Prepaid,150030.0,726,1,20,Yes
CUST1000,Male,47,Postpaid,173496.41,648,3,25,No
